{
  "Dishwasher": [
    0.06857885420322418, 
    -0.03153391182422638, 
    -0.02209579385817051, 
    -0.012091273441910744, 
    0.027965469285845757, 
    0.015369143337011337, 
    -0.03242730721831322, 
    -0.04162764549255371, 
    0.015849556773900986, 
    -0.013017936609685421, 
    0.05027841404080391, 
    0.04889830946922302, 
    0.0034580868668854237, 
    0.016813378781080246, 
    -0.02840356156229973, 
    -0.005630331113934517, 
    0.023900344967842102, 
    -0.02499840408563614, 
    -0.0180980172008276, 
    0.011999967508018017, 
    0.0005887042498216033, 
    -0.02465922012925148, 
    -0.03029666654765606, 
    -0.0011861769016832113, 
    -0.011225640773773193, 
    0.051540207117795944, 
    0.024674760177731514, 
    0.009257841855287552, 
    -0.06536250561475754, 
    -0.03644813224673271, 
    0.0029230182990431786, 
    0.054312653839588165, 
    -0.012366976588964462, 
    0.009533112868666649, 
    -0.05034457892179489, 
    -0.03365092724561691, 
    0.04165256395936012, 
    -0.014015408232808113, 
    -0.016677336767315865, 
    0.06625445187091827, 
    0.024849209934473038, 
    0.0298630278557539, 
    -0.03485463559627533, 
    0.05827406048774719, 
    0.030045805498957634, 
    -0.03380308300256729, 
    -0.04167896509170532, 
    -0.0021239807829260826, 
    -0.003960737958550453, 
    -0.0027052955701947212
  ], 
  "ToiletFlush": [
    0.32572007179260254, 
    -0.14483533799648285, 
    -0.1423569768667221, 
    -0.07606268674135208, 
    0.16434504091739655, 
    0.05092445760965347, 
    -0.21284446120262146, 
    -0.1889614462852478, 
    0.07471160590648651, 
    -0.040647879242897034, 
    0.32461920380592346, 
    0.30943068861961365, 
    0.008543224073946476, 
    0.0601956769824028, 
    -0.11089599132537842, 
    -0.05084262043237686, 
    0.10839200019836426, 
    -0.16728800535202026, 
    -0.12143950164318085, 
    0.10257992148399353, 
    -0.027559952810406685, 
    -0.160458043217659, 
    -0.18049681186676025, 
    -0.036713145673274994, 
    -0.03804410994052887, 
    0.2381117045879364, 
    0.11115746200084686, 
    0.04078780114650726, 
    -0.32199421525001526, 
    -0.2513141930103302, 
    0.012702316045761108, 
    0.34380581974983215, 
    -0.05305381864309311, 
    0.09995464980602264, 
    -0.30578458309173584, 
    -0.16515019536018372, 
    0.20253753662109375, 
    -0.03543034940958023, 
    -0.05774867534637451, 
    0.33084428310394287, 
    0.10301513969898224, 
    0.12628857791423798, 
    -0.15377706289291382, 
    0.32362252473831177, 
    0.17785075306892395, 
    -0.17176276445388794, 
    -0.19967912137508392, 
    0.018836410716176033, 
    0.026459727436304092, 
    0.03933635354042053
  ], 
  "HallBedroomDoor": [
    0.23853133618831635, 
    -0.1133594810962677, 
    -0.1025591716170311, 
    -0.06251925975084305, 
    0.11026415228843689, 
    0.035488490015268326, 
    -0.1463356912136078, 
    -0.13960911333560944, 
    0.04812585562467575, 
    -0.032035138458013535, 
    0.25841328501701355, 
    0.21752023696899414, 
    0.009068348444998264, 
    0.03734461963176727, 
    -0.08664488792419434, 
    -0.027582800015807152, 
    0.08348998427391052, 
    -0.12696059048175812, 
    -0.09793315082788467, 
    0.07311708480119705, 
    -0.01897294819355011, 
    -0.11871062219142914, 
    -0.1338910460472107, 
    -0.019026314839720726, 
    -0.024009857326745987, 
    0.1784018874168396, 
    0.07854878157377243, 
    0.03470196574926376, 
    -0.23712876439094543, 
    -0.18167607486248016, 
    0.008613483980298042, 
    0.2575330436229706, 
    -0.03573350980877876, 
    0.0779016986489296, 
    -0.23435130715370178, 
    -0.12555688619613647, 
    0.14428085088729858, 
    -0.016967887058854103, 
    -0.050336338579654694, 
    0.24076080322265625, 
    0.07251846045255661, 
    0.09254874289035797, 
    -0.12128147482872009, 
    0.2410249412059784, 
    0.1361353099346161, 
    -0.12559932470321655, 
    -0.1394108235836029, 
    0.015241732820868492, 
    0.013218753971159458, 
    0.03698602691292763
  ], 
  "PlatesCupboard": [
    0.1935863494873047, 
    -0.07998447120189667, 
    -0.08582842350006104, 
    -0.049093738198280334, 
    0.09716148674488068, 
    0.035337723791599274, 
    -0.11515095829963684, 
    -0.10594499111175537, 
    0.04672710597515106, 
    -0.03218666464090347, 
    0.2018565982580185, 
    0.17359519004821777, 
    0.006928539369255304, 
    0.03410034626722336, 
    -0.07869593054056168, 
    -0.03213270381093025, 
    0.0664052963256836, 
    -0.1024831086397171, 
    -0.07201722264289856, 
    0.05194523185491562, 
    -0.02686741203069687, 
    -0.10355273634195328, 
    -0.10437490791082382, 
    -0.021233079954981804, 
    -0.0278524961322546, 
    0.13435772061347961, 
    0.060710128396749496, 
    0.02523617446422577, 
    -0.17765942215919495, 
    -0.14861398935317993, 
    -0.0013924097875133157, 
    0.19208958745002747, 
    -0.03966816887259483, 
    0.06235072761774063, 
    -0.17248769104480743, 
    -0.09978777170181274, 
    0.1206541359424591, 
    -0.01198409590870142, 
    -0.040056850761175156, 
    0.1994059532880783, 
    0.04976852983236313, 
    0.0698760375380516, 
    -0.09247427433729172, 
    0.18281029164791107, 
    0.09150837361812592, 
    -0.10009767860174179, 
    -0.10482718050479889, 
    0.013194284401834011, 
    0.0129364849999547, 
    0.019785331562161446
  ], 
  "CupsCupboard": [
    0.13496734201908112, 
    -0.04964438080787659, 
    -0.06004297360777855, 
    -0.0379134938120842, 
    0.0703074038028717, 
    0.016204921528697014, 
    -0.0757792517542839, 
    -0.07174483686685562, 
    0.04033806174993515, 
    -0.016255861148238182, 
    0.13986140489578247, 
    0.11098325252532959, 
    0.013901404105126858, 
    0.023095732554793358, 
    -0.05234493687748909, 
    -0.008633509278297424, 
    0.05348199978470802, 
    -0.05908769741654396, 
    -0.049285195767879486, 
    0.04861065372824669, 
    -0.018192797899246216, 
    -0.06198164448142052, 
    -0.06673675030469894, 
    -0.005633900873363018, 
    -0.017572298645973206, 
    0.10005338490009308, 
    0.03382663428783417, 
    0.025895878672599792, 
    -0.1332399547100067, 
    -0.09499113261699677, 
    -0.0058226557448506355, 
    0.13903416693210602, 
    -0.013677505776286125, 
    0.03524083271622658, 
    -0.12920139729976654, 
    -0.05488737300038338, 
    0.08826369047164917, 
    -0.02271922118961811, 
    -0.027050020173192024, 
    0.14261989295482635, 
    0.031227407976984978, 
    0.052397605031728745, 
    -0.06354480236768723, 
    0.11816051602363586, 
    0.06580398231744766, 
    -0.06182284653186798, 
    -0.07369227707386017, 
    0.009710087440907955, 
    0.015603331848978996, 
    0.014049386605620384
  ],